Date,Inflation,Unemployment,Interest_Rate,GDP,Industrial_Output,Money_Supply,Consumer_Confidence,Treasury_Yield,SP500_Returns
1959-01-31,29.01,6.0,2.48,3352.129,21.9616,286.6,90.8,4.02,0.4347069053552976
1959-02-28,29.0,5.9,2.43,3352.129,22.3917,287.7,90.8,3.96,-0.0721387105085069
1959-03-31,28.97,5.6,2.8,3352.129,22.7142,289.2,90.8,3.99,0.0541396487628409
1959-04-30,28.98,5.2,2.96,3427.667,23.1981,290.1,90.8,4.12,3.878069226435943
1959-05-31,29.04,5.1,2.9,3427.667,23.5476,292.2,95.3,4.31,1.8926899630141936
1959-06-30,29.11,5.0,3.39,3427.667,23.5744,294.1,95.3,4.34,-0.3578716485693856
1959-07-31,29.15,5.1,3.47,3430.057,23.0099,295.2,95.3,4.4,3.488963670669043
1959-08-31,29.18,5.2,3.5,3430.057,22.2304,296.4,95.3,4.43,-1.5038834451401306
1959-09-30,29.25,5.5,3.76,3430.057,22.2035,296.7,95.3,4.68,-4.563754153763799
1959-10-31,29.35,5.7,3.98,3439.832,22.0422,296.5,95.3,4.53,1.125174714539856
1959-11-30,29.35,5.8,4.0,3439.832,22.1766,297.1,93.8,4.53,1.3212766263645426
1959-12-31,29.41,5.3,3.99,3439.832,23.5475,297.8,93.8,4.69,2.7625268429543715
1960-01-31,29.37,5.2,3.99,3517.181,24.1658,298.2,93.8,4.72,-7.146433165662447
1960-02-29,29.41,4.8,3.97,3517.181,23.9508,298.4,100.0,4.49,0.9170982124360404
1960-03-31,29.41,5.4,3.84,3517.181,23.7357,299.3,100.0,4.25,-1.3898766823634334
1960-04-30,29.54,5.2,3.92,3498.246,23.5476,300.1,100.0,4.28,-1.7528030683566342
1960-05-31,29.57,5.1,3.85,3498.246,23.5207,300.9,93.3,4.35,2.6853097808573256
1960-06-30,29.61,5.4,3.32,3498.246,23.225,302.3,93.3,4.15,1.9523487410747944
1960-07-31,29.55,5.5,3.23,3515.385,23.1443,304.1,93.3,3.9,-2.477160739230988
1960-08-31,29.61,5.6,2.98,3515.385,23.1175,306.9,97.2,3.8,2.612143409806178
1960-09-30,29.61,5.5,2.6,3515.385,22.8755,308.4,97.2,3.8,-6.039323528793261
1960-10-31,29.75,6.1,2.47,3470.278,22.8487,309.5,97.2,3.89,-0.2429018441766017
1960-11-30,29.78,6.1,2.44,3470.278,22.5261,310.9,90.1,3.93,4.026974246970605
1960-12-31,29.81,6.6,1.98,3470.278,22.096,312.4,90.1,3.84,4.627295017032895
1961-01-31,29.84,6.6,1.45,3493.703,22.1229,314.1,90.1,3.84,6.315605111681144
1961-02-28,29.84,6.9,2.54,3493.703,22.096,316.5,91.6,3.78,2.686953512806456
1961-03-31,29.84,6.9,2.02,3493.703,22.2304,318.3,91.6,3.74,2.553592318652309
1961-04-30,29.81,7.0,1.49,3553.021,22.6874,319.9,91.6,3.78,0.384260696866523
1961-05-31,29.84,7.1,1.98,3553.021,23.0368,322.2,92.5,3.71,1.9139489308333648
1961-06-30,29.84,6.9,1.73,3553.021,23.3594,324.3,92.5,3.88,-2.884612739438741
1961-07-31,29.92,7.0,1.17,3621.252,23.6282,325.6,92.5,3.92,3.2797072503090607
1961-08-31,29.94,6.6,2.0,3621.252,23.8432,327.6,99.2,4.04,1.962249126236637
1961-09-30,29.98,6.7,1.88,3621.252,23.8164,329.5,99.2,3.98,-1.9685564035524905
1961-10-31,29.98,6.5,2.26,3692.289,24.2733,331.1,99.2,3.92,2.832308249018034
1961-11-30,29.98,6.1,2.61,3692.289,24.6497,333.4,93.0,3.94,3.934708306867085
1961-12-31,30.01,6.0,2.33,3692.289,24.8647,335.5,93.0,4.06,0.3224948933227223
1962-01-31,30.04,5.8,2.15,3758.147,24.6496,337.5,93.0,4.08,-3.787570367966053
1962-02-28,30.11,5.5,2.37,3758.147,25.0529,340.1,99.9,4.04,1.6269651455015577
1962-03-31,30.17,5.6,2.85,3758.147,25.1873,343.1,99.9,3.93,-0.5860435078333781
1962-04-30,30.21,5.6,2.78,3792.149,25.241,345.5,99.9,3.84,-6.196987776953589
1962-05-31,30.24,5.5,2.36,3792.149,25.2141,347.5,95.4,3.87,-8.599014376684643
1962-06-30,30.21,5.5,2.68,3792.149,25.1604,349.3,95.4,3.91,-8.18380174526715
1962-07-31,30.22,5.4,2.71,3838.776,25.4023,350.8,95.4,4.01,6.356163547463622
1962-08-31,30.28,5.7,2.93,3838.776,25.4292,352.8,91.6,3.98,1.5284207395586336
1962-09-30,30.42,5.6,2.9,3838.776,25.5905,354.9,91.6,3.98,-4.820701159695096
1962-10-31,30.38,5.4,2.9,3851.421,25.6174,357.2,91.6,3.93,0.4442864723053441
1962-11-30,30.38,5.7,2.94,3851.421,25.7249,359.8,95.0,3.92,10.15569323651886
1962-12-31,30.38,5.5,2.93,3851.421,25.7249,362.7,95.0,3.86,1.3491811359355177
1963-01-31,30.44,5.7,2.92,3893.482,25.913,365.2,95.0,3.83,4.912834467646587
1963-02-28,30.48,5.9,3.0,3893.482,26.2088,367.9,98.4,3.92,-2.8851905147490475
1963-03-31,30.51,5.7,2.98,3893.482,26.37,370.7,98.4,3.93,3.54642828873597
1963-04-30,30.48,5.7,2.9,3937.183,26.612,373.3,98.4,3.97,4.85204051635999
1963-05-31,30.51,5.9,3.0,3937.183,26.9345,376.1,91.7,3.93,1.432664693808805
1963-06-30,30.61,5.6,2.99,3937.183,27.0152,378.4,91.7,3.99,-2.0197743552784697
1963-07-31,30.69,5.6,3.02,4023.755,26.9076,381.1,91.7,4.02,-0.3459787857308272
1963-08-31,30.75,5.4,3.49,4023.755,26.9614,383.6,96.4,4.0,4.87487759362728
1963-09-30,30.72,5.5,3.48,4023.755,27.2302,386.0,96.4,4.08,-1.1034524851831873
1963-10-31,30.75,5.5,3.5,4050.147,27.4184,388.3,96.4,4.11,3.2217646949912693
1963-11-30,30.78,5.7,3.48,4050.147,27.5528,391.5,94.4,4.12,-1.0539099537669627
1963-12-31,30.88,5.5,3.38,4050.147,27.499,393.2,94.4,4.13,2.444344126830256
1964-01-31,30.94,5.6,3.48,4135.553,27.7409,395.2,94.4,4.17,2.6926211181690807
1964-02-29,30.91,5.4,3.48,4135.553,27.9291,397.6,99.5,4.15,0.9865032803722196
1964-03-31,30.94,5.4,3.43,4135.553,27.9291,399.8,99.5,4.22,1.5167098443309437
1964-04-30,30.95,5.3,3.47,4180.592,28.3861,401.7,99.5,4.23,0.6077433617846628
1964-05-31,30.98,5.1,3.5,4180.592,28.5474,404.2,98.5,4.2,1.145234926496741
1964-06-30,31.01,5.2,3.5,4180.592,28.628,407.1,98.5,4.17,1.6424034462041217
1964-07-31,31.02,4.9,3.42,4245.918,28.8162,410.1,98.5,4.19,1.8239659924582208
1964-08-31,31.05,5.0,3.5,4245.918,29.0043,413.4,100.6,4.19,-1.6229844543978578
1964-09-30,31.08,5.1,3.45,4245.918,29.1119,416.9,100.6,4.2,2.871805476642764
1964-10-31,31.12,5.1,3.36,4259.046,28.7087,419.1,100.6,4.19,0.8077931844982178
1964-11-30,31.21,4.8,3.52,4259.046,29.5957,422.0,99.9,4.15,-0.5185039338222452
1964-12-31,31.25,5.0,3.85,4259.046,29.9452,424.7,99.9,4.18,0.3909048071693455
1965-01-31,31.28,4.9,3.9,4362.111,30.2677,427.5,99.9,4.19,3.3156313375737545
1965-02-28,31.28,5.1,3.98,4362.111,30.4559,430.4,102.0,4.21,-0.1484664881711284
1965-03-31,31.31,4.7,4.05,4362.111,30.8591,433.2,102.0,4.21,-1.452586799306255
1965-04-30,31.38,4.8,4.09,4417.225,30.9935,435.4,102.0,4.2,3.423858893752008
1965-05-31,31.48,4.6,4.1,4417.225,31.2354,437.1,105.4,4.21,-0.7743266038381047
1965-06-30,31.61,4.6,4.05,4417.225,31.4774,440.1,105.4,4.21,-4.8631480563336105
1965-07-31,31.58,4.4,4.09,4515.427,31.7731,442.9,105.4,4.2,1.3433157590617029
1965-08-31,31.55,4.4,4.12,4515.427,31.9075,445.8,103.4,4.25,2.252197265625
1965-09-30,31.62,4.3,4.02,4515.427,31.9881,449.5,103.4,4.29,3.200643540361225
1965-10-31,31.65,4.2,4.08,4619.458,32.3107,452.6,103.4,4.35,2.7345476984306227
1965-11-30,31.75,4.1,4.1,4619.458,32.4451,455.7,102.9,4.45,-0.8764310480866455
1965-12-31,31.85,4.0,4.32,4619.458,32.8483,459.2,102.9,4.62,0.8950984492533287
1966-01-31,31.88,4.0,4.42,4731.888,33.1709,462.0,102.9,4.61,0.4868516139310053
1966-02-28,32.08,3.8,4.6,4731.888,33.3859,464.6,100.0,4.83,-1.7872481500894488
1966-03-31,32.18,3.8,4.66,4731.888,33.8429,467.2,100.0,4.87,-2.1815367651166877
1966-04-30,32.28,3.8,4.67,4748.046,33.8967,469.3,100.0,4.75,2.050873173611678
1966-05-31,32.35,3.9,4.9,4748.046,34.2192,470.1,95.7,4.78,-5.414013219145442
1966-06-30,32.38,3.8,5.17,4748.046,34.3805,471.2,95.7,4.81,-1.613838887697483
1966-07-31,32.45,3.8,5.3,4788.254,34.5687,470.9,95.7,5.02,-1.345290793470555
1966-08-31,32.65,3.8,5.53,4788.254,34.5955,472.6,91.2,5.22,-7.77511975913745
1966-09-30,32.75,3.7,5.4,4788.254,34.9181,475.4,91.2,5.18,-0.7003903063741213
1966-10-31,32.85,3.7,5.53,4827.537,35.16,475.7,91.2,5.01,4.754440315730979
1966-11-30,32.88,3.6,5.76,4827.537,34.9181,477.3,88.3,5.16,0.3117207101159147
1966-12-31,32.92,3.8,5.4,4827.537,34.9987,480.2,88.3,4.84,-0.1491549058288965
1967-01-31,32.9,3.9,4.94,4870.299,35.1638,481.6,88.3,4.58,7.817750076122998
1967-02-28,33.0,3.8,5.0,4870.299,34.765,485.1,94.1,4.63,0.1962800689843113
1967-03-31,33.0,3.8,4.53,4870.299,34.5691,489.7,94.1,4.54,3.940998175908272
1967-04-30,33.1,3.8,4.05,4873.287,34.8951,492.1,94.1,4.59,4.223952679482368
1967-05-31,33.1,3.8,3.94,4873.287,34.5907,497.2,95.9,4.85,-5.244123171097992
1967-06-30,33.3,3.9,3.98,4873.287,34.5863,502.0,95.9,5.02,1.7512320683966465
1967-07-31,33.4,3.8,3.79,4919.392,34.5076,506.3,95.9,5.16,4.5344225927046455
1967-08-31,33.5,3.8,3.9,4919.392,35.1687,510.8,97.0,5.28,-1.1715046019541542
1967-09-30,33.6,3.8,3.99,4919.392,35.1116,514.7,97.0,5.3,3.2785131512544696
1967-10-31,33.7,4.0,3.88,4956.477,35.3976,518.2,97.0,5.48,-3.526001514834398
1967-11-30,33.9,3.9,4.13,4956.477,35.9038,521.2,92.9,5.75,0.750264657391142
1967-12-31,34.0,3.8,4.51,4956.477,36.2905,524.8,92.9,5.7,2.627660873088433
1968-01-31,34.1,3.7,4.61,5057.553,36.2514,527.4,92.9,5.53,-4.384786258327322
1968-02-29,34.2,3.8,4.71,5057.553,36.3813,530.4,97.2,5.56,-3.1222867737610738
1968-03-31,34.3,3.7,5.05,5057.553,36.4949,533.2,97.2,5.74,0.9400138005295932
1968-04-30,34.4,3.5,5.76,5142.033,36.5477,535.7,97.2,5.64,8.048783128447724
1968-05-31,34.5,3.5,6.12,5142.033,36.9577,538.9,92.4,5.87,1.2517968727310258
1968-06-30,34.7,3.7,6.07,5142.033,37.0934,542.6,92.4,5.72,0.9120404571296924
1968-07-31,34.9,3.7,6.03,5181.859,37.0366,545.6,92.4,5.5,-1.847764544538644
1968-08-31,35.0,3.5,6.03,5181.859,37.1399,549.4,92.4,5.42,1.145900113629117
1968-09-30,35.1,3.4,5.78,5181.859,37.2806,553.6,92.4,5.46,3.853932364021051
1968-10-31,35.3,3.4,5.91,5202.212,37.3546,557.6,92.4,5.58,0.7207611827813265
1968-11-30,35.4,3.4,5.82,5202.212,37.8378,562.4,91.7,5.7,4.79644029477011
1968-12-31,35.6,3.4,6.02,5202.212,37.9573,566.8,91.7,6.03,-4.161670224164238
1969-01-31,35.7,3.4,6.3,5283.597,38.1869,569.3,91.7,6.04,-0.8184079232870456
1969-02-28,35.8,3.4,6.61,5283.597,38.4313,571.9,98.2,6.19,-4.737408777410479
1969-03-31,36.1,3.4,6.79,5283.597,38.7326,574.4,98.2,6.3,3.444415548166924
1969-04-30,36.3,3.4,7.41,5299.625,38.5901,575.7,98.2,6.17,2.1475719232574964
1969-05-31,36.4,3.4,8.67,5299.625,38.4443,576.5,91.5,6.32,-0.2218182578050953
1969-06-30,36.6,3.5,8.9,5299.625,38.8198,578.5,91.5,6.57,-5.557703509455148
1969-07-31,36.8,3.5,8.61,5334.6,39.0248,579.5,91.5,6.72,-6.0178050440206965
1969-08-31,36.9,3.5,9.19,5334.6,39.1145,580.1,86.4,6.69,4.007405239897643
1969-09-30,37.1,3.7,9.15,5334.6,39.1057,582.1,86.4,7.16,-2.5023550792507288
1969-10-31,37.3,3.7,9.0,5308.556,39.1171,583.4,86.4,7.1,4.29553251935102
1969-11-30,37.5,3.5,8.85,5308.556,38.7484,585.4,79.7,7.14,-3.408160105416358
1969-12-31,37.7,3.5,8.97,5308.556,38.6444,587.9,79.7,7.65,-1.865472812646596
1970-01-31,37.9,3.9,8.98,5300.652,37.9288,589.6,79.7,7.79,-7.647187814714607
1970-02-28,38.1,4.2,8.98,5300.652,37.9038,586.3,78.1,7.24,5.269352545074413
1970-03-31,38.3,4.4,7.76,5300.652,37.8546,587.3,78.1,7.07,0.1452483278413074
1970-04-30,38.5,4.6,8.1,5308.164,37.7573,588.4,78.1,7.39,-9.048310675968809
1970-05-31,38.6,4.8,7.95,5308.164,37.7133,591.5,75.4,7.91,-6.096655785045735
1970-06-30,38.8,4.9,7.61,5308.164,37.5913,595.2,75.4,7.84,-5.003268031831565
1970-07-31,38.9,5.0,7.21,5357.077,37.6836,599.1,75.4,7.46,7.329485343211539
1970-08-31,39.0,5.1,6.62,5357.077,37.6164,604.9,77.6,7.53,4.445859648471129
1970-09-30,39.2,5.4,6.29,5357.077,37.3571,611.2,77.6,7.39,3.410214086322405
1970-10-31,39.4,5.5,6.2,5299.672,36.6098,616.4,77.6,7.33,-1.2455551764489758
1970-11-30,39.6,5.9,5.6,5299.672,36.3881,621.1,72.4,6.84,4.744741078969605
1970-12-31,39.8,6.1,4.9,5299.672,37.2237,626.5,72.4,6.39,5.676610952836159
1971-01-31,39.9,5.9,4.14,5443.619,37.5101,632.9,72.4,6.24,4.0477435331257805
1971-02-28,39.9,5.9,3.72,5443.619,37.4386,641.0,78.1,6.11,0.9073871208846064
1971-03-31,40.0,6.0,3.71,5443.619,37.398,649.9,78.1,5.7,3.6795840398901714
1971-04-30,40.1,5.9,4.16,5473.059,37.608,658.4,78.1,5.83,3.628750352149313
1971-05-31,40.3,5.9,4.63,5473.059,37.7989,666.7,80.2,6.39,-4.155843984271779
1971-06-30,40.5,5.9,4.91,5473.059,37.9574,673.0,80.2,6.52,-0.9334541110246564
1971-07-31,40.6,6.0,5.31,5518.072,37.8472,679.6,80.2,6.73,-3.161089375538295
1971-08-31,40.7,6.1,5.57,5518.072,37.6276,685.5,82.1,6.58,3.6095384831027033
1971-09-30,40.8,6.0,5.55,5518.072,38.2391,692.5,82.1,6.14,-0.6967610319212669
1971-10-31,40.9,5.8,5.2,5531.032,38.5253,698.4,82.1,5.93,-4.179370687421347
1971-11-30,41.0,6.0,4.91,5531.032,38.6888,704.6,82.0,5.81,-0.2547017771557858
1971-12-31,41.1,6.0,4.14,5531.032,39.1355,710.3,82.0,5.93,8.617936650941683
1972-01-31,41.2,5.8,3.51,5632.649,40.0728,717.7,82.0,5.95,1.8121325985678285
1972-02-29,41.4,5.7,3.3,5632.649,40.4789,725.7,92.8,6.08,2.530303243835852
1972-03-31,41.4,5.8,3.83,5632.649,40.761,733.5,92.8,6.07,0.5911581638566643
1972-04-30,41.5,5.7,4.17,5760.47,41.1654,738.4,92.8,6.19,0.4384339870177944
1972-05-31,41.6,5.7,4.27,5760.47,41.1693,743.3,88.6,6.13,1.7275012928234856
1972-06-30,41.7,5.7,4.46,5760.47,41.2778,749.7,88.6,6.11,-2.1820500468225923
1972-07-31,41.8,5.6,4.55,5814.854,41.2389,759.5,88.6,6.11,0.2333395570507601
1972-08-31,41.9,5.6,4.81,5814.854,41.805,768.7,95.2,6.21,3.445383154177417
1972-09-30,42.1,5.5,4.87,5814.854,42.1288,778.3,95.2,6.55,-0.4860863299431361
1972-10-31,42.2,5.6,5.05,5912.22,42.6703,786.9,95.2,6.48,0.9317039808806272
1972-11-30,42.4,5.3,5.06,5912.22,43.1755,793.9,90.7,6.28,4.561746060550775
1972-12-31,42.5,5.2,5.33,5912.22,43.6617,802.3,90.7,6.36,1.1828275516162945
1973-01-31,42.7,4.9,5.94,6058.544,43.9783,810.3,90.7,6.46,-1.7111429226946195
1973-02-28,43.0,5.0,6.58,6058.544,44.6103,814.1,81.9,6.64,-3.749029147535643
1973-03-31,43.4,4.9,7.09,6058.544,44.6294,815.3,81.9,6.71,-0.143269754362596
1973-04-30,43.7,5.0,7.12,6124.506,44.568,819.7,81.9,6.67,-4.07998167084429
1973-05-31,43.9,4.9,7.84,6124.506,44.8608,826.8,77.0,6.85,-1.8883838921280536
1973-06-30,44.2,4.9,8.49,6124.506,44.9186,833.3,77.0,6.9,-0.6574510072182238
1973-07-31,44.2,4.8,10.4,6092.301,45.085,836.5,77.0,7.13,3.7981958597107512
1973-08-31,45.0,4.8,10.5,6092.301,45.0221,838.8,72.0,7.4,-3.6684542375921225
1973-09-30,45.2,4.8,10.78,6092.301,45.3801,839.3,72.0,7.09,4.009592618873659
1973-10-31,45.6,4.6,10.01,6150.131,45.7462,842.6,72.0,6.79,-0.1291149951622383
1973-11-30,45.9,4.8,10.03,6150.131,45.9548,848.9,76.5,6.73,-11.38609449331598
1973-12-31,46.3,4.9,9.95,6150.131,45.8252,855.5,76.5,6.74,1.656944541949712
1974-01-31,46.8,5.1,9.65,6097.258,45.5207,859.7,76.5,6.99,-1.0046164287802473
1974-02-28,47.3,5.2,8.97,6097.258,45.3825,864.2,61.8,6.96,-0.3624298179839891
1974-03-31,47.8,5.1,9.35,6097.258,45.3798,870.1,61.8,7.21,-2.3279960874575067
1974-04-30,48.1,5.1,10.51,6111.751,45.247,872.9,61.8,7.51,-3.9050922188215487
1974-05-31,48.6,5.1,11.31,6111.751,45.6083,874.6,72.1,7.58,-3.355108915079963
1974-06-30,49.0,5.4,11.93,6111.751,45.5216,877.8,72.1,7.54,-1.4665430765341547
1974-07-31,49.3,5.5,12.92,6053.978,45.6136,881.4,72.1,7.81,-7.779072606286341
1974-08-31,49.9,5.5,12.01,6053.978,45.1303,884.1,64.4,8.04,-9.027860614199469
1974-09-30,50.6,5.9,11.34,6053.978,45.1377,887.9,64.4,8.04,-11.933472527042577
1974-10-31,51.0,6.0,10.06,6030.464,44.995,893.3,64.4,7.9,16.30469068473035
1974-11-30,51.5,6.6,9.45,6030.464,43.5148,898.6,59.5,7.68,-5.31799759679239
1974-12-31,51.9,7.2,8.53,6030.464,41.9503,902.1,59.5,7.43,-2.015154548392628
1975-01-31,52.3,8.1,7.13,5957.035,41.3689,906.3,59.5,7.5,12.281222430242678
1975-02-28,52.6,8.1,6.24,5957.035,40.4252,914.1,57.6,7.39,5.988559080183276
1975-03-31,52.8,8.6,5.54,5957.035,39.9804,925.0,57.6,7.73,2.1693888367524616
1975-04-30,53.0,8.8,5.49,5999.61,40.0572,935.1,57.6,8.23,4.7264904181358425
1975-05-31,53.1,9.0,5.22,5999.61,39.9402,947.9,72.8,8.06,4.410078281255658
1975-06-30,53.5,8.8,5.55,5999.61,40.1927,963.0,72.8,7.86,4.432255455728451
1975-07-31,54.0,8.6,6.1,6102.326,40.6115,975.1,72.8,8.06,-6.765418926604571
1975-08-31,54.2,8.4,6.14,6102.326,41.0114,983.1,75.7,8.4,-2.107045348261438
1975-09-30,54.6,8.4,6.24,6102.326,41.5422,991.5,75.7,8.43,-3.464542589770303
1975-10-31,54.9,8.4,5.82,6184.53,41.7224,997.8,75.7,8.14,6.164299510716309
1975-11-30,55.3,8.3,5.22,6184.53,41.7797,1006.9,75.6,8.05,2.470796187804769
1975-12-31,55.6,8.2,5.2,6184.53,42.3462,1016.2,75.6,8.0,-1.1508060575922352
1976-01-31,55.8,7.9,4.87,6323.649,42.9082,1026.6,75.6,7.74,11.830577536437348
1976-02-29,55.9,7.7,4.77,6323.649,43.3407,1040.3,84.6,7.79,-1.1401958347409311
1976-03-31,56.0,7.6,4.84,6323.649,43.4281,1050.0,84.6,7.73,3.0688973891187965
1976-04-30,56.1,7.7,4.82,6370.025,43.6518,1060.8,84.6,7.56,-1.0995400314574244
1976-05-31,56.4,7.4,5.29,6370.025,43.8315,1072.1,83.3,7.9,-1.4364414534041692
1976-06-30,56.7,7.6,5.48,6370.025,43.8775,1077.6,83.3,7.86,4.092631724527229
1976-07-31,57.0,7.8,5.31,6404.895,44.1248,1086.3,83.3,7.83,-0.8055200879589886
1976-08-31,57.3,7.8,5.29,6404.895,44.4262,1098.7,89.7,7.77,-0.5123731310786583
1976-09-30,57.6,7.6,5.25,6404.895,44.5711,1110.8,89.7,7.59,2.2641085596599275
1976-10-31,57.9,7.7,5.02,6451.177,44.56,1125.0,89.7,7.41,-2.2234857329811897
1976-11-30,58.1,7.8,4.95,6451.177,45.2454,1138.2,87.0,7.29,-0.7774567929006437
1976-12-31,58.4,7.8,4.65,6451.177,45.731,1152.0,87.0,6.87,5.249755818272761
1977-01-31,58.7,7.5,4.61,6527.703,45.4156,1165.2,87.0,7.21,-5.053043319782036
1977-02-28,59.3,7.6,4.68,6527.703,46.1358,1177.6,87.1,7.39,-2.16602872774031
1977-03-31,59.6,7.4,4.69,6527.703,46.7158,1188.5,87.1,7.46,-1.4025260770978545
1977-04-30,60.0,7.2,4.73,6654.466,47.1719,1199.6,87.1,7.37,0.0203254143803066
1977-05-31,60.2,7.0,5.35,6654.466,47.541,1209.0,90.2,7.46,-2.356765174000408
1977-06-30,60.5,7.2,5.39,6654.466,47.9063,1217.8,90.2,7.28,4.535997176203366
1977-07-31,60.8,6.9,5.42,6774.457,47.9714,1226.7,90.2,7.33,-1.6222181810864988
1977-08-31,61.1,7.0,5.9,6774.457,48.0157,1237.0,89.0,7.4,-2.1042001650604325
1977-09-30,61.3,6.8,6.14,6774.457,48.2097,1246.2,89.0,7.34,-0.2480085482019389
1977-10-31,61.6,6.8,6.47,6774.592,48.2839,1254.0,89.0,7.52,-4.340622080588785
1977-11-30,62.0,6.8,6.51,6774.592,48.3755,1262.4,84.4,7.58,2.696562261116653
1977-12-31,62.3,6.4,6.56,6774.592,48.4573,1270.3,84.4,7.69,0.2847164798619461
1978-01-31,62.7,6.4,6.7,6796.26,47.7512,1279.7,83.7,7.96,-6.151418052559709
1978-02-28,63.0,6.3,6.78,6796.26,48.0098,1285.5,84.3,8.03,-2.476189450389532
1978-03-31,63.4,6.3,6.79,6796.26,48.9358,1292.2,78.8,8.04,2.49310448773008
1978-04-30,63.9,6.1,6.89,7058.92,49.9074,1300.4,81.6,8.15,8.541646479972131
1978-05-31,64.5,6.0,7.36,7058.92,50.1513,1310.5,82.9,8.35,0.4234183878568887
1978-06-30,65.0,5.9,7.6,7058.92,50.4751,1318.5,80.0,8.46,-1.758534679184498
1978-07-31,65.5,6.2,7.81,7129.915,50.4371,1324.1,82.4,8.64,5.390978322711981
1978-08-31,65.9,5.9,8.04,7129.915,50.6393,1333.5,78.4,8.41,2.5923724696466754
1978-09-30,66.5,6.0,8.45,7129.915,50.7631,1345.0,80.4,8.42,-0.7261109433171264
1978-10-31,67.1,5.8,8.96,7225.75,51.1523,1352.3,79.3,8.64,-9.157401312473112
1978-11-30,67.5,5.9,9.76,7225.75,51.5456,1359.1,75.0,8.81,1.6639778818819062
1978-12-31,67.9,6.0,10.03,7225.75,51.806,1366.0,66.1,9.01,1.4889162698495273
1979-01-31,68.5,5.9,10.07,7238.727,51.525,1371.6,72.1,9.1,3.9746120804964313
1979-02-28,69.2,5.9,10.06,7238.727,51.778,1377.8,73.9,9.1,-3.652558305546061
1979-03-31,69.9,5.8,10.09,7238.727,51.9382,1387.8,68.4,9.12,5.515161638883992
1979-04-30,70.6,5.8,10.01,7246.454,51.3251,1402.1,66.0,9.18,0.1673450186713276
1979-05-31,71.4,5.6,10.24,7246.454,51.7782,1410.2,68.1,9.25,-2.6336480433519998
1979-06-30,72.2,5.7,10.29,7246.454,51.7865,1423.0,65.8,8.91,3.865564957886636
1979-07-31,73.0,5.7,10.47,7300.281,51.7029,1434.8,60.4,8.95,0.8745446161282588
1979-08-31,73.7,6.0,10.94,7300.281,51.3658,1446.6,64.5,9.03,5.307776000206954
1979-09-30,74.4,5.9,11.43,7300.281,51.3623,1454.1,66.7,9.33,0.0
1979-10-31,75.2,6.0,13.77,7318.535,51.7175,1460.4,62.1,10.3,-6.860592774365959
1979-11-30,76.0,5.9,13.18,7318.535,51.6341,1465.9,63.3,10.65,4.262427794434354
1979-12-31,76.9,6.0,13.78,7318.535,51.6694,1473.7,61.0,10.39,1.6767131856573192
1980-01-31,78.0,6.3,13.82,7341.557,51.944,1482.7,67.0,10.8,5.762461626846416
1980-02-29,79.0,6.3,14.13,7341.557,51.9633,1494.6,66.9,12.41,-0.4379817659080465
1980-03-31,80.1,6.3,17.19,7341.557,51.7454,1499.8,56.5,12.75,-10.17948878359558
1980-04-30,80.9,6.9,17.61,7190.289,50.7197,1502.2,52.7,11.47,4.114021675283275
1980-05-31,81.7,7.5,10.98,7190.289,49.4766,1512.3,51.7,10.18,4.657067368148904
1980-06-30,82.5,7.6,9.47,7190.289,48.8383,1529.2,58.7,9.78,2.696871680700652
1980-07-31,82.6,7.8,9.03,7181.743,48.4907,1545.5,62.3,10.25,6.503851929370663
1980-08-31,83.2,7.7,9.61,7181.743,48.6456,1561.5,67.3,11.1,0.5835449125977554
1980-09-30,83.9,7.5,10.87,7181.743,49.4578,1574.0,73.7,11.51,2.5167526558092623
1980-10-31,84.7,7.5,12.81,7315.677,50.0861,1584.8,75.0,11.75,1.6021059707461929
1980-11-30,85.6,7.5,15.85,7315.677,50.9209,1595.8,76.7,12.68,10.237705284997125
1980-12-31,86.4,7.2,18.9,7315.677,51.257,1599.8,64.5,12.84,-3.3874250077558954
1981-01-31,87.2,7.5,19.08,7459.022,50.9328,1606.9,71.4,12.57,-4.57424256507718
1981-02-28,88.0,7.4,15.93,7459.022,50.7237,1618.7,66.9,13.19,1.327673624226744
1981-03-31,88.6,7.4,14.7,7459.022,50.9806,1636.6,66.5,13.12,3.603257083561595
1981-04-30,89.1,7.2,15.72,7403.745,50.7661,1659.2,72.4,13.68,-2.3455900304457766
1981-05-31,89.7,7.5,18.52,7403.745,51.0552,1664.2,76.3,14.1,-0.1656510991245752
1981-06-30,90.5,7.5,19.1,7403.745,51.3214,1670.3,73.1,13.47,-1.0407946769277254
1981-07-31,91.5,7.2,19.04,7492.405,51.6555,1681.9,74.1,14.28,-0.2210262404408691
1981-08-31,92.2,7.4,17.82,7492.405,51.5903,1694.3,77.2,14.94,-6.209897164012057
1981-09-30,93.1,7.6,15.87,7492.405,51.3429,1706.0,73.1,15.32,-5.383174982545091
1981-10-31,93.4,7.9,15.08,7410.768,50.9463,1721.8,70.3,15.15,4.914786597929011
1981-11-30,93.8,8.3,13.31,7410.768,50.3546,1736.1,62.5,13.39,3.6590361037046826
1981-12-31,94.1,8.5,12.37,7410.768,49.8086,1755.5,64.3,13.72,-3.007515210331868
1982-01-31,94.4,8.6,13.22,7295.631,48.7877,1770.4,71.0,14.59,-1.7543871663315058
1982-02-28,94.7,8.9,14.78,7295.631,49.7839,1774.5,66.5,14.43,-6.054817959417069
1982-03-31,94.7,9.0,14.68,7295.631,49.4477,1786.5,62.0,13.86,-1.016710741467064
1982-04-30,95.0,9.3,14.94,7328.912,48.9913,1803.9,65.5,13.87,4.001432112868697
1982-05-31,95.9,9.4,14.45,7328.912,48.6669,1815.4,67.5,13.62,-3.916184380263066
1982-06-30,97.0,9.6,14.15,7328.912,48.5415,1826.0,65.7,14.3,-2.0289566489036126
1982-07-31,97.5,9.8,12.59,7300.896,48.3775,1831.5,65.4,13.95,-2.299064189789768
1982-08-31,97.7,9.8,10.12,7300.896,47.9382,1845.2,65.4,13.06,11.597727353685029
1982-09-30,97.7,10.1,10.31,7300.896,47.8139,1858.4,69.3,12.34,0.7614392238714407
1982-10-31,98.1,10.4,9.71,7303.817,47.3575,1869.7,73.4,10.91,11.044679666161716
1982-11-30,98.0,10.8,9.2,7303.817,47.2078,1883.7,72.1,10.55,3.5970666427492137
1982-12-31,97.7,10.8,8.95,7303.817,46.8713,1905.9,71.9,10.54,1.5231362368761436
1983-01-31,97.9,10.4,8.68,7400.066,47.7398,1959.4,70.4,10.46,3.31342696411614
1983-02-28,98.0,10.4,8.51,7400.066,47.4484,1996.8,74.6,10.72,1.8995144176650716
1983-03-31,98.1,10.3,8.77,7400.066,47.8426,2015.2,80.8,10.51,3.309475372194504
1983-04-30,98.8,10.2,8.8,7568.456,48.4483,2028.6,89.1,10.4,7.498682961860914
1983-05-31,99.2,10.1,8.63,7568.456,48.747,2043.1,93.3,10.38,-1.240645488658032
1983-06-30,99.4,10.1,8.98,7568.456,49.0434,2053.5,92.2,10.85,3.232957706590556
1983-07-31,99.8,9.4,9.37,7719.746,49.7739,2064.8,92.8,11.38,-3.030304133589956
1983-08-31,100.1,9.5,9.56,7719.746,50.364,2074.0,90.9,11.85,1.1318875280047935
1983-09-30,100.4,9.2,9.45,7719.746,51.0937,2083.2,89.9,11.65,1.015823290593243
1983-10-31,100.8,8.8,9.48,7880.794,51.4902,2099.2,89.3,11.54,-1.517434913783755
1983-11-30,101.1,8.5,9.34,7880.794,51.721,2112.3,91.1,11.69,1.742580734666599
1983-12-31,101.4,8.3,9.47,7880.794,51.9769,2123.5,94.2,11.83,-0.8834142275375267
1984-01-31,102.1,8.0,9.56,8034.847,53.0088,2138.2,100.1,11.67,-0.9215964840669444
1984-02-29,102.6,7.8,9.59,8034.847,53.2486,2158.2,97.4,11.84,-3.885934741575448
1984-03-31,102.9,7.8,9.91,8034.847,53.5028,2175.2,101.0,12.32,1.349799535299634
1984-04-30,103.3,7.7,10.29,8173.67,53.8233,2191.7,96.1,12.63,0.5465576177959841
1984-05-31,103.5,7.4,10.32,8173.67,54.1104,2204.1,98.1,13.41,-5.935644997724765
1984-06-30,103.7,7.2,11.06,8173.67,54.3075,2215.1,95.5,13.56,1.7469210034617433
1984-07-31,104.1,7.5,11.23,8252.465,54.4587,2223.5,96.6,13.36,-1.6451162907453964
1984-08-31,104.4,7.5,11.64,8252.465,54.5239,2230.4,99.1,12.72,10.633206308424414
1984-09-30,104.7,7.3,11.3,8252.465,54.3696,2244.4,100.9,12.52,-0.3479641215210494
1984-10-31,105.1,7.4,9.99,8320.199,54.3474,2258.9,96.3,12.16,-0.0060263487400291
1984-11-30,105.3,7.2,9.43,8320.199,54.529,2281.4,95.7,11.57,-1.5112255778064076
1984-12-31,105.5,7.3,8.38,8320.199,54.5556,2306.4,92.9,11.5,2.23743955320983
1985-01-31,105.7,7.3,8.35,8400.82,54.527,2332.4,96.0,11.38,7.408514101104169
1985-02-28,106.3,7.2,8.5,8400.82,54.6871,2354.1,93.7,11.51,0.8628779996860514
1985-03-31,106.8,7.2,8.58,8400.82,54.7673,2366.2,93.7,11.86,-0.2870013437975993
1985-04-30,107.0,7.3,8.27,8474.787,54.6467,2375.4,94.6,11.43,-0.4594275513284285
1985-05-31,107.2,7.2,7.97,8474.787,54.7396,2389.5,91.8,10.85,5.405105444993996
1985-06-30,107.5,7.4,7.53,8474.787,54.711,2412.6,96.5,10.16,1.2134017487352766
1985-07-31,107.7,7.4,7.88,8604.22,54.4365,2429.5,94.0,10.31,-0.4847578342366598
1985-08-31,107.9,7.1,7.9,8604.22,54.6121,2444.0,92.4,10.33,-1.1994517641396585
1985-09-30,108.1,7.1,7.92,8604.22,54.8147,2456.4,92.1,10.37,-3.472407826012114
1985-10-31,108.5,7.1,7.99,8668.188,54.6228,2468.0,88.4,10.24,4.250881708769816
1985-11-30,109.0,7.0,8.05,8668.188,54.8123,2477.8,90.9,9.78,6.506158659888994
1985-12-31,109.5,7.0,8.27,8668.188,55.3553,2492.1,93.9,9.26,4.506109063095853
1986-01-31,109.9,6.7,8.14,8749.127,55.6453,2502.1,95.6,9.19,0.2366527844040344
1986-02-28,109.7,7.2,7.86,8749.127,55.2634,2512.9,95.9,8.7,7.148927885973944
1986-03-31,109.1,7.2,7.48,8749.127,54.8728,2533.1,95.1,7.78,5.279391778691878
1986-04-30,108.7,7.1,6.99,8788.524,54.935,2557.8,96.2,7.3,-1.4148136083619978
1986-05-31,109.0,7.2,6.85,8788.524,55.0399,2584.8,94.8,7.71,5.022928675463656
1986-06-30,109.4,7.2,6.92,8788.524,54.826,2605.0,99.3,7.8,1.4109521521153523
1986-07-31,109.5,7.0,6.56,8872.601,55.167,2626.6,97.7,7.3,-5.868283142882347
1986-08-31,109.6,6.9,6.17,8872.601,55.0726,2646.5,94.9,7.17,7.119260505765657
1986-09-30,110.0,7.0,5.89,8872.601,55.2237,2667.8,91.9,7.45,-8.54386034765885
1986-10-31,110.2,7.0,5.85,8920.193,55.4589,2687.4,95.6,7.43,5.47293273494327
1986-11-30,110.4,6.9,6.04,8920.193,55.6763,2701.3,91.4,7.25,2.147719315076868
1986-12-31,110.8,6.6,6.91,8920.193,56.2078,2728.0,89.1,7.11,-2.828827147590973
1987-01-31,111.4,6.6,6.43,8986.367,55.9911,2743.9,90.4,7.08,13.176689368870086
1987-02-28,111.8,6.6,6.1,8986.367,56.7373,2747.5,90.2,7.25,3.692362131701032
1987-03-31,112.2,6.6,6.13,8986.367,56.8136,2753.7,90.8,7.25,2.638986515783981
1987-04-30,112.7,6.3,6.37,9083.256,57.185,2767.7,92.8,8.02,-1.1450211572491154
1987-05-31,113.0,6.3,6.85,9083.256,57.5424,2772.9,91.1,8.61,0.6034196283620119
1987-06-30,113.5,6.2,6.73,9083.256,57.8502,2774.6,91.5,8.4,4.791449018971927
1987-07-31,113.8,6.1,6.58,9162.024,58.2421,2779.0,93.7,8.45,4.822369625693868
1987-08-31,114.3,6.0,6.73,9162.024,58.6784,2788.2,94.4,8.76,3.4958840151999797
1987-09-30,114.7,5.9,7.22,9162.024,58.9088,2799.5,93.6,9.42,-2.41661659057012
1987-10-31,115.0,6.0,7.29,9319.332,59.7008,2814.8,89.3,9.52,-21.763041421998008
1987-11-30,115.4,5.8,6.69,9319.332,59.9956,2818.9,83.1,8.86,-8.53488653536516
1987-12-31,115.6,5.7,6.77,9319.332,60.3246,2826.4,86.8,8.99,7.286147875354443
1988-01-31,116.0,5.7,6.83,9367.502,60.309,2847.4,90.8,8.67,4.043227059709542
1988-02-29,116.2,5.7,6.58,9367.502,60.6122,2870.4,91.6,8.21,4.181740262854561
1988-03-31,116.5,5.7,6.58,9367.502,60.7452,2890.7,94.6,8.37,-3.334326201018556
1988-04-30,117.2,5.4,6.87,9490.594,61.108,2910.7,91.2,8.72,0.9424743272317792
1988-05-31,117.5,5.6,7.09,9490.594,60.9843,2926.0,94.8,9.09,0.3176126477985486
1988-06-30,118.0,5.4,7.51,9490.594,61.1615,2938.4,94.7,8.92,4.325601228060116
1988-07-31,118.5,5.4,7.75,9546.206,61.171,2947.2,93.4,9.06,-0.5411374721492224
1988-08-31,119.0,5.6,8.01,9546.206,61.4771,2952.0,97.4,9.26,-3.860010449258666
1988-09-30,119.5,5.4,8.19,9546.206,61.2785,2956.9,97.3,8.98,3.972933268934309
1988-10-31,119.9,5.4,8.3,9673.405,61.5488,2965.3,94.1,8.8,2.59644642106176
1988-11-30,120.3,5.3,8.35,9673.405,61.7049,2980.2,93.0,8.96,-1.8890880706211144
1988-12-31,120.7,5.3,8.76,9673.405,61.9851,2988.2,91.9,9.11,1.4687573381001906
1989-01-31,121.2,5.4,9.12,9771.725,62.1677,2991.7,97.9,9.09,7.111479156412925
1989-02-28,121.6,5.2,9.36,9771.725,61.8916,2992.2,95.4,9.17,-2.894414843113058
1989-03-31,122.2,5.0,9.85,9771.725,62.0508,2999.7,94.3,9.36,2.0805961609083434
1989-04-30,123.1,5.2,9.84,9846.293,62.0289,3006.0,91.5,9.18,5.008993717851862
1989-05-31,123.7,5.2,9.81,9846.293,61.6871,3011.6,90.7,8.86,3.5137494672926595
1989-06-30,124.1,5.3,9.53,9846.293,61.6857,3027.9,90.6,8.28,-0.7924554206930945
1989-07-31,124.5,5.2,9.24,9919.228,61.0896,3052.4,92.0,8.02,8.837025792525587
1989-08-31,124.5,5.2,8.99,9919.228,61.6847,3074.4,89.6,8.11,1.551671822445666
1989-09-30,124.8,5.3,9.02,9919.228,61.4794,3092.5,95.8,8.19,-0.6544368276168888
1989-10-31,125.4,5.3,8.84,9938.767,61.4014,3114.1,93.9,8.01,-2.517545094824758
1989-11-30,125.9,5.4,8.55,9938.767,61.6081,3133.3,90.9,7.87,1.654132425995147
1989-12-31,126.3,5.4,8.45,9938.767,61.9588,3152.5,90.5,7.84,2.1416815142801804
1990-01-31,127.5,5.4,8.23,10047.386,61.6352,3166.8,93.0,8.21,-6.881722621461728
1990-02-28,128.0,5.3,8.24,10047.386,62.1951,3179.2,89.5,8.47,0.8539042758088922
1990-03-31,128.6,5.2,8.28,10047.386,62.4916,3190.1,91.3,8.59,2.4254986404143253
1990-04-30,128.9,5.4,8.26,10083.855,62.3511,3201.6,93.9,8.79,-2.688714062127162
1990-05-31,129.1,5.4,8.18,10083.855,62.5353,3200.6,90.6,8.76,9.198919079889455
1990-06-30,129.9,5.2,8.29,10083.855,62.7479,3213.7,88.3,8.48,-0.8886365681221697
1990-07-31,130.5,5.5,8.15,10090.569,62.6435,3224.5,88.2,8.47,-0.5223158411739148
1990-08-31,131.6,5.7,8.13,10090.569,62.8704,3242.0,76.4,8.75,-9.431418479162913
1990-09-30,132.5,5.9,8.2,10090.569,62.8839,3254.6,72.8,8.89,-5.118430645643191
1990-10-31,133.4,5.9,8.11,9998.704,62.4973,3259.3,63.9,8.72,-0.6698212301042394
1990-11-30,133.7,6.2,7.81,9998.704,61.7175,3262.6,66.0,8.39,5.993421454178649
1990-12-31,134.2,6.3,7.31,9998.704,61.2885,3271.8,65.5,8.08,2.482775733875209
1991-01-31,134.7,6.4,6.91,9951.916,61.0842,3287.7,66.8,8.09,4.15177499981747
1991-02-28,134.8,6.6,6.25,9951.916,60.6387,3304.5,70.4,7.85,6.728117681278034
1991-03-31,134.8,6.8,6.12,9951.916,60.2973,3321.9,87.7,8.11,2.220283252204202
1991-04-30,135.1,6.7,5.91,10029.51,60.4524,3332.4,81.8,8.04,0.0319799362499706
1991-05-31,135.6,6.9,5.78,10029.51,61.0587,3343.0,78.3,8.07,3.8604972493607503
1991-06-30,136.0,6.9,5.9,10029.51,61.5514,3351.9,82.1,8.28,-4.789262897479862
1991-07-31,136.2,6.8,5.82,10080.195,61.7201,3356.1,82.9,8.27,4.485934295776639
1991-08-31,136.6,6.9,5.66,10080.195,61.7289,3355.0,82.0,7.9,1.9648784624321625
1991-09-30,137.0,6.9,5.45,10080.195,62.2369,3354.9,83.0,7.65,-1.9143735843086371
1991-10-31,137.2,7.0,5.21,10115.329,62.1718,3360.1,78.3,7.53,1.1834236654519217
1991-11-30,137.8,7.0,4.81,10115.329,62.0894,3365.5,69.1,7.42,-4.390370862630699
1991-12-31,138.2,7.3,4.43,10115.329,61.806,3372.2,68.2,7.09,11.15878550742815
1992-01-31,138.3,7.3,4.03,10236.435,61.4823,3381.2,67.5,7.03,-1.9923751783923584
1992-02-29,138.6,7.4,4.06,10236.435,61.9192,3400.0,68.8,7.34,0.958954312696414
1992-03-31,139.1,7.4,3.98,10236.435,62.4403,3403.9,76.0,7.54,-2.183186212532784
1992-04-30,139.4,7.4,3.73,10347.429,62.9199,3399.7,77.2,7.48,2.7892713957560438
1992-05-31,139.7,7.6,3.82,10347.429,63.1268,3398.6,79.2,7.39,0.096395682544248
1992-06-30,140.1,7.8,3.76,10347.429,63.1624,3393.4,80.4,7.26,-1.7358833150663775
1992-07-31,140.5,7.7,3.25,10449.673,63.7348,3393.9,76.6,6.84,3.9373686063305824
1992-08-31,140.8,7.6,3.3,10449.673,63.3802,3398.8,76.1,6.59,-2.399753160189122
1992-09-30,141.1,7.6,3.22,10449.673,63.5834,3410.3,75.6,6.42,0.9105593857418716
1992-10-31,141.7,7.3,3.1,10558.648,64.0178,3423.8,73.3,6.59,0.2106282691536565
1992-11-30,142.1,7.4,3.09,10558.648,64.2628,3426.5,85.3,6.87,3.026180770368403
1992-12-31,142.3,7.4,2.92,10558.648,64.3599,3424.7,91.0,6.77,1.0107766987062838
1993-01-31,142.8,7.3,3.02,10576.275,64.6135,3419.1,89.3,6.6,0.7045987892006611
1993-02-28,143.1,7.1,3.03,10576.275,64.9262,3414.5,86.6,6.26,1.0483627595407663
1993-03-31,143.3,7.0,3.07,10576.275,64.8627,3411.7,85.9,5.98,1.8697299051888767
1993-04-30,143.8,7.1,2.96,10637.847,65.0423,3411.3,85.6,5.97,-2.541681016015662
1993-05-31,144.2,7.1,3.0,10637.847,64.8006,3436.9,80.3,6.04,2.271746278774489
1993-06-30,144.3,7.0,3.04,10637.847,64.9476,3442.4,81.5,5.96,0.0755228539165209
1993-07-31,144.5,6.9,3.06,10688.606,65.1142,3442.0,77.0,5.81,-0.532704570835929
1993-08-31,144.8,6.8,3.03,10688.606,65.0421,3445.7,77.3,5.68,3.4431956145887237
1993-09-30,145.0,6.7,3.09,10688.606,65.3749,3452.2,77.9,5.36,-0.9987930164805148
1993-10-31,145.6,6.8,2.99,10833.987,65.863,3456.7,82.7,5.33,1.9392922751884532
1993-11-30,146.0,6.6,3.02,10833.987,66.1696,3470.1,81.2,5.72,-1.291062608362914
1993-12-31,146.3,6.5,2.96,10833.987,66.5531,3474.5,88.2,5.77,1.0091174724184304
1994-01-31,146.3,6.6,3.05,10939.116,66.7591,3474.9,94.3,5.75,3.2500745519977725
1994-02-28,146.7,6.6,3.25,10939.116,66.8019,3475.7,93.2,5.97,-3.004499728667853
1994-03-31,147.1,6.5,3.34,10939.116,67.4704,3480.1,91.5,6.48,-4.574651060635082
1994-04-30,147.2,6.4,3.56,11087.361,67.8707,3481.3,92.6,6.97,1.1530643100964522
1994-05-31,147.5,6.1,4.01,11087.361,68.187,3490.8,92.8,7.18,1.2397144202814123
1994-06-30,147.9,6.1,4.25,11087.361,68.645,3479.5,91.2,7.1,-2.679082362832008
1994-07-31,148.4,6.1,4.26,11152.176,68.7317,3488.2,89.0,7.3,3.1489907258900107
1994-08-31,149.0,6.0,4.47,11152.176,69.1882,3485.7,91.7,7.24,3.759869964992624
1994-09-30,149.3,5.9,4.73,11152.176,69.3935,3486.1,91.5,7.46,-2.6877534841474704
1994-10-31,149.4,5.8,4.76,11279.932,69.9576,3484.3,92.7,7.74,2.0833815622011143
1994-11-30,149.8,5.6,5.29,11279.932,70.4288,3487.2,91.6,7.96,-3.950461187888721
1994-12-31,150.1,5.5,5.45,11279.932,71.1273,3486.4,95.1,7.81,1.2299117331743048
1995-01-31,150.5,5.6,5.53,11319.951,71.2635,3492.4,97.6,7.78,2.4277711761677034
1995-02-28,150.9,5.4,5.92,11319.951,71.1758,3489.9,95.1,7.47,3.607414807259257
1995-03-31,151.2,5.4,5.98,11319.951,71.2796,3491.1,90.3,7.2,2.732919511338072
1995-04-30,151.8,5.8,6.05,11353.721,71.1538,3499.2,92.5,7.06,2.796035780491146
1995-05-31,152.1,5.6,6.01,11353.721,71.4997,3524.2,89.8,6.63,3.631171269946476
1995-06-30,152.4,5.6,6.0,11353.721,71.7327,3548.9,92.7,6.17,2.1278543431649366
1995-07-31,152.6,5.7,5.85,11450.31,71.4334,3567.4,94.4,6.28,3.177603957520647
1995-08-31,152.9,5.7,5.74,11450.31,72.3723,3589.0,96.2,6.49,-0.032023747742782
1995-09-30,153.1,5.6,5.8,11450.31,72.6543,3602.1,88.9,6.2,4.009747288732535
1995-10-31,153.5,5.5,5.76,11528.067,72.5336,3613.4,90.2,6.04,-0.4979335189770228
1995-11-30,153.7,5.6,5.8,11528.067,72.717,3619.9,88.2,5.93,4.104900278106194
1995-12-31,153.9,5.6,5.6,11528.067,72.9638,3629.5,91.0,5.71,1.744387340596476
1996-01-31,154.7,5.6,5.56,11614.418,72.5712,3647.9,89.3,5.65,3.2617386869231213
1996-02-29,155.0,5.5,5.22,11614.418,73.6207,3661.8,88.5,5.81,0.6933701784703983
1996-03-31,155.5,5.5,5.31,11614.418,73.5141,3686.9,93.7,6.27,0.7916567590839696
1996-04-30,156.1,5.6,5.22,11808.14,74.2491,3697.7,92.7,6.51,1.343142201418468
1996-05-31,156.4,5.6,5.24,11808.14,74.8142,3709.6,89.4,6.74,2.285340599170316
1996-06-30,156.7,5.3,5.27,11808.14,75.3726,3722.5,92.4,6.91,0.2256709972268122
1996-07-31,157.0,5.5,5.4,11914.063,75.3738,3737.1,94.7,6.87,-4.57480167192077
1996-08-31,157.2,5.1,5.22,11914.063,75.7557,3744.0,95.3,6.64,1.881393514756069
1996-09-30,157.7,5.2,5.3,11914.063,76.2302,3753.4,94.7,6.83,5.420332732833044
1996-10-31,158.2,5.2,5.24,12037.775,76.2157,3772.8,96.5,6.53,2.610100242291802
1996-11-30,158.7,5.4,5.31,12037.775,76.8973,3795.1,99.2,6.2,7.337615178140577
1996-12-31,159.1,5.4,5.29,12037.775,77.3772,3818.6,96.9,6.3,-2.150541448950805
1997-01-31,159.4,5.3,5.25,12115.472,77.5135,3834.6,97.4,6.58,6.131703905412889
1997-02-28,159.7,5.2,5.19,12115.472,78.4255,3846.3,99.7,6.42,0.5927590234654057
1997-03-31,159.8,5.2,5.39,12115.472,78.9197,3861.2,100.0,6.69,-4.261401064074876
1997-04-30,159.9,5.1,5.51,12317.221,78.9848,3877.0,101.4,6.89,5.840557906734034
1997-05-31,159.9,4.9,5.5,12317.221,79.4296,3889.2,103.2,6.71,5.857688480332501
1997-06-30,160.2,5.0,5.56,12317.221,79.7971,3906.0,104.5,6.49,4.345261479527585
1997-07-31,160.4,4.9,5.52,12471.01,80.4666,3923.9,107.1,6.22,7.814580943742477
1997-08-31,160.8,4.8,5.54,12471.01,81.2825,3957.4,104.4,6.3,-5.746563170852836
1997-09-30,161.2,4.9,5.54,12471.01,82.0327,3973.1,106.0,6.21,5.315359061556713
1997-10-31,161.5,4.7,5.5,12577.495,82.7656,3992.3,105.6,6.03,-3.447769737522033
1997-11-30,161.7,4.6,5.52,12577.495,83.427,4014.8,107.2,5.88,4.458685521263939
1997-12-31,161.8,4.7,5.5,12577.495,83.784,4032.9,102.1,5.81,1.5731597108694428
1998-01-31,162.0,4.6,5.56,12703.742,84.1564,4056.2,106.6,5.54,1.0150177442407982
1998-02-28,162.0,4.6,5.51,12703.742,84.3066,4088.9,110.4,5.57,7.044919253631243
1998-03-31,162.0,4.7,5.49,12703.742,84.342,4114.3,106.5,5.65,4.994571434122053
1998-04-30,162.2,4.3,5.45,12821.339,84.6339,4140.2,108.7,5.64,0.9076469253460396
1998-05-31,162.6,4.4,5.49,12821.339,85.1867,4164.4,106.5,5.65,-1.8826223261468435
1998-06-30,162.8,4.5,5.56,12821.339,84.6809,4184.1,105.6,5.5,3.943824063504042
1998-07-31,163.2,4.5,5.54,12982.752,84.3445,4203.8,105.2,5.46,-1.161532691738543
1998-08-31,163.4,4.5,5.55,12982.752,86.0816,4228.7,104.4,5.34,-14.579671825011388
1998-09-30,163.5,4.6,5.51,12982.752,86.0023,4267.7,100.9,4.81,6.239551504341101
1998-10-31,163.9,4.5,5.07,13191.67,86.591,4307.9,97.4,4.53,8.029422856762892
1998-11-30,164.1,4.4,4.83,13191.67,86.5115,4346.6,102.7,4.83,5.912599628568138
1998-12-31,164.4,4.4,4.68,13191.67,86.8615,4375.6,100.5,4.65,5.637528708495609
1999-01-31,164.7,4.3,4.63,13315.597,87.2205,4403.0,103.9,4.72,4.100944085374847
1999-02-28,164.7,4.4,4.76,13315.597,87.726,4425.8,108.1,5.0,-3.2282562377591306
1999-03-31,164.8,4.2,4.81,13315.597,87.9125,4432.6,105.7,5.23,3.87942154089167
1999-04-30,165.9,4.3,4.74,13426.748,88.1082,4461.4,104.6,5.18,3.7944027596277454
1999-05-31,166.0,4.2,4.74,13426.748,88.6483,4486.1,106.8,5.54,-2.4970480796175143
1999-06-30,166.0,4.3,4.76,13426.748,88.5903,4508.0,107.3,5.9,5.443833111432483
1999-07-31,166.7,4.3,4.99,13604.771,89.1098,4535.4,106.0,5.79,-3.2046092391091685
1999-08-31,167.1,4.2,5.07,13604.771,89.5007,4552.7,104.5,5.94,-0.6254091687235008
1999-09-30,167.8,4.2,5.22,13604.771,89.1304,4568.8,107.2,5.92,-2.855179244802464
1999-10-31,168.1,4.1,5.2,13827.98,90.2709,4592.7,103.2,6.11,6.253954145238461
1999-11-30,168.4,4.1,5.42,13827.98,90.7528,4611.8,107.2,6.03,1.906185896922041
1999-12-31,168.8,4.0,5.3,13827.98,91.4784,4639.3,105.4,6.28,5.784389473992291
2000-01-31,169.3,4.0,5.45,13878.147,91.4092,4667.6,112.0,6.66,-5.090354879190063
2000-02-29,170.0,4.1,5.73,13878.147,91.7245,4680.9,111.3,6.52,-2.010808325635693
2000-03-31,171.0,4.0,5.85,13878.147,92.083,4711.7,107.1,6.26,9.671982835364812
2000-04-30,170.9,3.8,6.02,14130.908,92.6659,4767.8,109.2,5.99,-3.0795755780191336
2000-05-31,171.2,4.0,6.27,14130.908,92.9347,4755.7,110.7,6.44,-2.1915050603417807
2000-06-30,172.2,4.0,6.53,14130.908,93.0018,4773.6,106.4,6.1,2.393354961587724
2000-07-31,172.7,4.0,6.54,14145.312,92.8373,4791.3,108.3,6.05,-1.634127590417089
2000-08-31,172.7,4.1,6.5,14145.312,92.591,4819.5,107.3,5.83,6.069910494167097
2000-09-30,173.6,3.9,6.52,14145.312,92.9827,4855.2,106.8,5.8,-5.3482974719764265
2000-10-31,173.9,3.9,6.51,14229.765,92.64,4871.3,105.8,5.74,-0.4949485421770649
2000-11-30,174.2,3.9,6.51,14229.765,92.6604,4882.7,107.6,5.72,-8.006861010730892
2000-12-31,174.6,3.9,6.4,14229.765,92.3457,4927.6,98.4,5.24,0.4053445623728668
2001-01-31,175.6,4.2,5.98,14183.12,91.8908,4978.3,94.7,5.16,3.4636576676164488
2001-02-28,176.0,4.2,5.49,14183.12,91.2851,5017.0,90.6,5.1,-9.229073539585965
2001-03-31,176.1,4.3,5.31,14183.12,91.0585,5074.8,91.5,4.89,-6.420471080339151
2001-04-30,176.4,4.4,4.8,14271.694,90.7384,5139.1,88.4,5.14,7.681436165439459
2001-05-31,177.3,4.3,4.21,14271.694,90.2607,5137.2,92.0,5.39,0.5090187401275648
2001-06-30,177.7,4.5,3.97,14271.694,89.7811,5180.1,92.6,5.28,-2.503538942756467
2001-07-31,177.4,4.6,3.77,14214.516,89.2352,5210.0,92.4,5.24,-1.0740149595403703
2001-08-31,177.4,4.9,3.65,14214.516,89.157,5243.8,91.5,4.97,-6.410840688075748
2001-09-30,178.1,5.0,3.07,14214.516,88.6749,5355.1,81.8,4.73,-8.172340570563886
2001-10-31,177.6,5.3,2.49,14253.574,88.4051,5343.8,82.7,4.57,1.8099111333141016
2001-11-30,177.5,5.5,2.09,14253.574,87.886,5387.5,83.9,4.65,7.51759041240454
2001-12-31,177.4,5.7,1.82,14253.574,87.8518,5440.5,88.8,5.09,0.7573834088927756
2002-01-31,177.7,5.7,1.73,14372.785,88.4634,5460.9,93.0,5.04,-1.5573832456979853
2002-02-28,178.0,5.7,1.74,14372.785,88.4578,5490.2,90.7,4.91,-2.0766211039727644
2002-03-31,178.5,5.7,1.73,14372.785,89.1265,5502.0,95.7,5.28,3.6738892862074657
2002-04-30,179.3,5.9,1.75,14460.848,89.5507,5502.1,93.0,5.21,-6.141762591921907
2002-05-31,179.5,5.8,1.75,14460.848,89.9348,5528.3,96.9,5.16,-0.9081481352177012
2002-06-30,179.6,5.8,1.75,14460.848,90.6736,5553.3,92.4,4.93,-7.24553538081798
2002-07-31,180.0,5.8,1.73,14519.633,90.6436,5596.0,88.1,4.65,-7.900427514940766
2002-08-31,180.5,5.7,1.74,14519.633,90.5505,5638.3,87.6,4.26,0.4881433306494376
2002-09-30,180.8,5.7,1.75,14519.633,90.6373,5662.3,86.1,3.87,-11.002431825242788
2002-10-31,181.2,5.7,1.75,14537.58,90.3988,5707.1,80.6,3.94,8.644880033371404
2002-11-30,181.5,5.9,1.34,14537.58,90.8947,5758.1,84.2,4.05,5.706962070498589
2002-12-31,181.8,6.0,1.24,14537.58,90.3906,5779.4,86.7,4.03,-6.033257188502883
2003-01-31,182.6,5.8,1.24,14614.141,91.1369,5812.1,82.4,4.05,-2.741469268304464
2003-02-28,183.6,5.9,1.26,14614.141,91.2505,5848.2,79.9,3.9,-1.700360825687175
2003-03-31,183.9,5.9,1.25,14614.141,91.0006,5868.4,77.6,3.81,0.8357567684332823
2003-04-30,183.2,6.0,1.26,14743.567,90.4311,5905.5,86.0,3.96,8.10441071800323
2003-05-31,182.9,6.1,1.26,14743.567,90.4,5965.3,92.1,3.57,5.0898709609522585
2003-06-30,183.1,6.3,1.22,14743.567,90.5196,6002.2,89.7,3.33,1.1322214676852127
2003-07-31,183.7,6.2,1.01,14988.782,90.9869,6049.1,90.9,3.98,1.6223701958536507
2003-08-31,184.5,6.1,1.03,14988.782,90.7933,6107.1,89.3,4.45,1.7873203593487874
2003-09-30,185.1,6.1,1.01,14988.782,91.3819,6079.7,87.7,4.27,-1.1944364585525724
2003-10-31,184.9,6.0,1.01,15162.76,91.5049,6070.0,89.6,4.29,5.496148663571665
2003-11-30,185.0,5.8,1.0,15162.76,92.1265,6075.5,93.7,4.3,0.7128504071372888
2003-12-31,185.5,5.7,0.98,15162.76,92.1732,6073.8,92.6,4.27,5.076554077889206
2004-01-31,186.3,5.7,1.0,15248.68,92.3268,6082.1,103.8,4.15,1.7276386950755285
2004-02-29,186.7,5.6,1.01,15248.68,92.8995,6121.8,94.4,4.08,1.220897373761054
2004-03-31,187.1,5.8,1.0,15248.68,92.5368,6157.9,95.8,3.83,-1.635891961786684
2004-04-30,187.4,5.6,1.0,15366.85,92.8957,6198.9,94.2,4.35,-1.6790751960348185
2004-05-31,188.2,5.6,1.0,15366.85,93.5845,6275.7,90.2,4.72,1.208345009735412
2004-06-30,188.9,5.6,1.03,15366.85,92.8651,6277.9,95.6,4.73,1.7988998771432565
2004-07-31,189.1,5.5,1.26,15512.619,93.5502,6291.1,96.7,4.5,-3.4290519520026264
2004-08-31,189.2,5.4,1.43,15512.619,93.6301,6317.8,95.9,4.28,0.228735032336913
2004-09-30,189.8,5.4,1.61,15512.619,93.7353,6352.2,94.2,4.13,0.9363875526838816
2004-10-31,190.8,5.5,1.76,15670.88,94.5695,6379.8,91.7,4.1,1.4014243690939845
2004-11-30,191.7,5.4,1.93,15670.88,94.8015,6406.3,92.8,4.19,3.859493629597055
2004-12-31,191.7,5.4,2.16,15670.88,95.5415,6424.5,97.1,4.23,3.245821284320516
2005-01-31,191.6,5.3,2.28,15844.727,95.8785,6430.8,95.5,4.22,-2.529046744229402
2005-02-28,192.4,5.4,2.5,15844.727,96.5709,6438.9,94.1,4.17,1.8903346132113308
2005-03-31,193.1,5.2,2.63,15844.727,96.4345,6448.3,92.6,4.5,-1.911765556028966
2005-04-30,193.7,5.2,2.79,15922.782,96.6347,6461.8,87.7,4.34,-2.0108582083263493
2005-05-31,193.6,5.1,3.0,15922.782,96.7251,6479.0,86.9,4.14,2.995204663120865
2005-06-30,193.7,5.0,3.04,15922.782,97.1483,6511.7,96.0,4.0,-0.0142714179867775
2005-07-31,194.9,5.0,3.26,16047.587,96.8397,6543.5,96.5,4.18,3.596828690361842
2005-08-31,196.1,4.9,3.5,16047.587,97.1584,6576.3,89.1,4.26,-1.122210459860007
2005-09-30,198.8,5.0,3.62,16047.587,95.2764,6610.1,76.9,4.2,0.694902431673361
2005-10-31,199.1,5.0,3.78,16136.734,96.4411,6643.9,74.2,4.46,-1.7740779932313488
2005-11-30,198.1,5.0,4.0,16136.734,97.5016,6660.7,81.6,4.54,3.5186096519093324
2005-12-31,198.1,4.9,4.16,16136.734,97.9723,6687.8,91.5,4.47,-0.0952349317196454
2006-01-31,199.3,4.7,4.29,16353.835,98.127,6730.1,91.2,4.42,2.5466771341108085
2006-02-28,199.4,4.8,4.49,16353.835,98.1687,6754.7,86.7,4.57,0.045315772835619
2006-03-31,199.7,4.7,4.59,16353.835,98.3913,6769.3,88.9,4.72,1.1095810408889628
2006-04-30,200.7,4.7,4.79,16396.151,98.6826,6806.9,87.4,4.99,1.215565291784415
2006-05-31,201.3,4.6,4.94,16396.151,98.7074,6813.7,79.1,5.11,-3.0916916538203165
2006-06-30,201.8,4.6,4.99,16396.151,99.0398,6851.8,84.9,5.11,0.008659650459597
2006-07-31,202.9,4.7,5.24,16420.738,98.9751,6893.6,84.7,5.09,0.5085878803453348
2006-08-31,203.8,4.7,5.25,16420.738,99.4047,6925.1,82.0,4.88,2.127419311502643
2006-09-30,202.8,4.5,5.25,16420.738,99.2246,6952.4,85.4,4.72,2.456629796778232
2006-10-31,201.9,4.4,5.25,16561.866,99.1229,7001.7,93.6,4.73,3.1508003585395628
2006-11-30,202.0,4.5,5.25,16561.866,99.0963,7037.2,92.1,4.6,1.6466656343095964
2006-12-31,203.1,4.4,5.24,16561.866,100.1125,7080.1,91.7,4.56,1.2615782814670462
2007-01-31,203.437,4.6,5.25,16611.69,99.7546,7118.3,96.9,4.76,1.4059043023177953
2007-02-28,204.226,4.5,5.26,16611.69,100.7166,7134.3,91.3,4.72,-2.1846175991944383
2007-03-31,205.288,4.4,5.26,16611.69,100.8952,7168.2,88.4,4.56,0.9979982939206432
2007-04-30,205.904,4.5,5.25,16713.314,101.5723,7240.7,87.1,4.69,4.3290690426759815
2007-05-31,206.755,4.4,5.25,16713.314,101.6269,7254.6,88.3,4.75,3.254922870736165
2007-06-30,207.234,4.6,5.25,16713.314,101.6547,7287.8,85.3,5.1,-1.781632254788501
2007-07-31,207.603,4.7,5.26,16809.587,101.4953,7318.7,90.4,5.0,-3.198187836198829
2007-08-31,207.667,4.6,5.02,16809.587,101.6943,7394.8,83.4,4.67,1.2863572018857905
2007-09-30,208.547,4.7,4.94,16809.587,101.9428,7413.0,83.4,4.52,3.579400817860079
2007-10-31,209.19,4.7,4.76,16915.191,101.6446,7428.1,80.9,4.53,1.4822338223554832
2007-11-30,210.834,4.7,4.49,16915.191,102.2167,7453.6,76.1,4.15,-4.404341737941575
2007-12-31,211.445,5.0,4.24,16915.191,102.2764,7483.9,75.5,4.1,-0.8628508561297932
2008-01-31,212.174,5.0,3.94,16843.003,102.1493,7517.5,78.4,3.74,-6.116343227776988
2008-02-29,212.687,4.9,2.98,16843.003,101.7756,7604.0,70.8,3.74,-3.476119273728817
2008-03-31,213.448,5.1,2.61,16843.003,101.4508,7670.0,69.5,3.51,-0.5959623397817415
2008-04-30,213.942,5.0,2.28,16943.291,100.7554,7712.5,62.6,3.68,4.75466976412291
2008-05-31,215.208,5.4,1.98,16943.291,100.1336,7725.2,59.8,3.88,1.067418170406853
2008-06-30,217.463,5.6,2.0,16943.291,99.8728,7743.9,56.4,4.1,-8.596238482631446
2008-07-31,219.016,5.8,2.01,16854.295,99.4194,7791.2,61.2,4.01,-0.985937118530278
2008-08-31,218.69,6.1,2.0,16854.295,97.8491,7805.8,63.0,3.89,1.2190464669121548
2008-09-30,218.877,6.1,1.81,16854.295,93.5576,7872.4,70.3,3.69,-9.079143354379216
2008-10-31,216.995,6.5,0.97,16485.35,94.4985,7974.9,57.6,3.81,-16.942452401777075
2008-11-30,213.153,6.8,0.39,16485.35,93.2617,8027.0,55.3,3.53,-7.484904233870971
2008-12-31,211.398,7.3,0.16,16485.35,90.6266,8204.7,60.1,2.42,0.7821576633499472
2009-01-31,211.933,7.8,0.15,16298.262,88.3712,8289.0,61.2,2.52,-8.565734305805428
2009-02-28,212.705,8.3,0.22,16298.262,87.843,8319.3,56.3,2.87,-10.993119762019942
2009-03-31,212.495,8.7,0.18,16298.262,86.4689,8386.4,57.3,2.82,8.540446199532292
2009-04-30,212.709,9.0,0.15,16269.145,85.7903,8391.1,65.1,2.93,9.392507914826332
2009-05-31,213.022,9.4,0.18,16269.145,84.9436,8449.2,68.7,3.29,5.308144638516654
2009-06-30,214.79,9.5,0.21,16269.145,84.6746,8459.3,70.8,3.72,0.019582726560996
2009-07-31,214.726,9.5,0.16,16326.281,85.6853,8463.5,66.0,3.56,7.414172714778422
2009-08-31,215.445,9.6,0.16,16326.281,86.6393,8463.0,65.7,3.59,3.356018886854417
2009-09-30,215.861,9.8,0.15,16326.281,87.3821,8461.6,73.5,3.4,3.572334572311964
2009-10-31,216.509,10.0,0.12,16502.754,87.5809,8487.9,70.6,3.39,-1.9762000526814203
2009-11-30,217.234,9.9,0.12,16502.754,87.9388,8517.0,67.4,3.4,5.736406145372763
2009-12-31,217.347,9.9,0.12,16502.754,88.2404,8512.2,72.5,3.59,1.777057091933831
2010-01-31,217.488,9.8,0.11,16582.71,89.1897,8477.7,74.4,3.73,-3.6974245692262153
2010-02-28,217.281,9.8,0.13,16582.71,89.5046,8527.3,73.6,3.69,2.8513689046546054
2010-03-31,217.353,9.9,0.16,16582.71,90.1356,8523.5,73.6,3.73,5.879642554549736
2010-04-30,217.403,9.9,0.2,16743.162,90.4607,8554.8,72.2,3.85,1.4759230482012995
2010-05-31,217.29,9.6,0.2,16743.162,91.7014,8609.0,73.6,3.42,-8.197584207319053
2010-06-30,217.199,9.4,0.18,16743.162,91.9033,8628.1,76.0,3.2,-5.388244223983851
2010-07-31,217.605,9.4,0.18,16872.266,92.2549,8639.5,67.8,3.01,6.8777849574635175
2010-08-31,217.923,9.5,0.19,16872.266,92.5936,8687.9,68.9,2.7,-4.744918363260475
2010-09-30,218.275,9.5,0.19,16872.266,92.8533,8718.7,68.2,2.65,8.755110305113556
2010-10-31,219.035,9.4,0.19,16960.864,92.6033,8768.4,67.7,2.54,3.685599403554063
2010-11-30,219.59,9.8,0.19,16960.864,92.6686,8789.0,71.6,2.76,-0.2290249746576655
2010-12-31,220.472,9.3,0.18,16960.864,93.5916,8822.7,74.5,3.29,6.530004034715509
2011-01-31,221.187,9.1,0.17,16920.632,93.3889,8845.0,74.2,3.39,2.2645574359139164
2011-02-28,221.898,9.0,0.16,16920.632,93.0045,8908.8,77.5,3.58,3.195656372809341
2011-03-31,223.046,9.0,0.14,16920.632,93.9684,8966.8,67.5,3.41,-0.1047312939166489
2011-04-30,224.093,9.1,0.1,17035.114,93.6571,9030.2,69.8,3.46,2.8495380666536008
2011-05-31,224.806,9.0,0.09,17035.114,93.7723,9102.5,74.3,3.17,-1.350095289522324
2011-06-30,224.806,9.1,0.09,17035.114,94.0493,9176.5,71.5,3.0,-1.8257461652479323
2011-07-31,225.395,9.0,0.07,17031.313,94.4958,9338.4,63.7,3.0,-2.147442530666621
2011-08-31,226.106,9.0,0.1,17031.313,95.0974,9524.9,55.8,2.3,-5.679110795232889
2011-09-30,226.597,9.0,0.08,17031.313,95.0244,9545.1,59.5,1.98,-7.176198808089652
2011-10-31,226.75,8.8,0.07,17222.583,95.6891,9577.9,60.8,2.15,10.772303843744147
2011-11-30,227.169,8.6,0.08,17222.583,95.6778,9629.5,63.7,2.01,-0.5058715107011391
2011-12-31,227.223,8.5,0.07,17222.583,96.1809,9677.1,69.9,1.98,0.8532763666636134
2012-01-31,227.842,8.3,0.08,17367.01,96.7595,9750.3,75.0,1.97,4.358306270498535
2012-02-29,228.329,8.3,0.1,17367.01,97.0662,9802.0,75.3,1.97,4.058946376811723
2012-03-31,228.807,8.2,0.13,17367.01,96.5609,9846.0,76.2,2.17,3.133231453144192
2012-04-30,229.187,8.2,0.14,17444.525,97.251,9899.5,76.4,2.05,-0.7497452372495994
2012-05-31,228.713,8.2,0.16,17444.525,97.4595,9942.8,79.3,1.8,-6.265072571454367
2012-06-30,228.524,8.2,0.16,17444.525,97.4768,10012.8,73.2,1.62,3.955498222833631
2012-07-31,228.59,8.2,0.16,17469.65,97.6714,10065.5,72.3,1.53,1.259757420478791
2012-08-31,229.918,8.1,0.13,17469.65,97.2734,10136.1,74.3,1.68,1.9763369506085704
2012-09-30,231.015,7.8,0.14,17469.65,97.2217,10216.3,78.3,1.72,2.423615361777532
2012-10-31,231.638,7.8,0.16,17489.852,97.5311,10282.6,82.6,1.75,-1.9789409716293949
2012-11-30,231.249,7.7,0.16,17489.852,97.9084,10351.6,82.7,1.65,0.2846716685042771
2012-12-31,231.221,7.9,0.16,17489.852,98.1884,10474.1,72.9,1.72,0.7068230956284616
2013-01-31,231.679,8.0,0.14,17662.4,98.1736,10497.4,73.8,1.91,5.0428096466868855
2013-02-28,232.937,7.7,0.15,17662.4,98.6434,10516.4,77.6,1.98,1.1060648765041536
2013-03-31,232.282,7.5,0.14,17662.4,99.047,10572.6,78.6,1.96,3.5987723982872977
2013-04-30,231.797,7.6,0.15,17709.671,98.9445,10600.0,76.4,1.76,1.8085767779890016
2013-05-31,231.893,7.5,0.11,17709.671,99.0383,10634.2,84.5,1.93,2.0762811683057825
2013-06-30,232.445,7.5,0.09,17709.671,99.2221,10691.3,84.1,2.3,-1.4999301595580827
2013-07-31,232.9,7.3,0.09,17860.45,98.8987,10730.5,85.1,2.58,4.946207991308538
2013-08-31,233.456,7.2,0.08,17860.45,99.4897,10788.5,82.1,2.74,-3.1298019479343964
2013-09-30,233.544,7.2,0.08,17860.45,100.021,10848.9,77.5,2.81,2.974952325919533
2013-10-31,233.669,7.2,0.09,18016.147,99.9037,10973.2,73.2,2.62,4.459575276194472
2013-11-30,234.1,6.9,0.08,18016.147,100.1582,10981.9,75.1,2.72,2.8049471367328715
2013-12-31,234.719,6.7,0.09,18016.147,100.374,11046.9,82.5,2.9,2.3562791975445974
2014-01-31,235.288,6.6,0.07,17953.974,99.9899,11116.6,81.2,2.86,-3.5582905955811595
2014-02-28,235.547,6.7,0.07,17953.974,100.7471,11182.3,81.6,2.71,4.31170301781616
2014-03-31,236.028,6.7,0.08,17953.974,101.7435,11218.2,80.0,2.72,0.6932165418227054
2014-04-30,236.468,6.2,0.09,18185.911,101.8273,11263.1,84.1,2.71,0.6200789153414155
2014-05-31,236.918,6.3,0.09,18185.911,102.2392,11327.6,81.9,2.56,2.103028007328045
2014-06-30,237.231,6.1,0.1,18185.911,102.5774,11382.8,82.5,2.6,1.9058331749470137
2014-07-31,237.498,6.2,0.09,18406.941,102.7954,11437.5,81.8,2.54,-1.5079830845342368
2014-08-31,237.46,6.1,0.09,18406.941,102.6322,11461.6,82.5,2.42,3.765529557982528
2014-09-30,237.477,5.9,0.09,18406.941,102.9417,11502.8,84.6,2.53,-1.5513837249453988
2014-10-31,237.43,5.7,0.09,18500.031,102.9611,11576.6,86.9,2.3,2.320146066720308
2014-11-30,236.983,5.8,0.09,18500.031,103.5978,11617.3,88.8,2.33,2.453358864631494
2014-12-31,236.252,5.6,0.12,18500.031,103.6151,11701.0,93.6,2.21,-0.4188587515997044
2015-01-31,234.747,5.7,0.11,18666.621,102.7923,11787.8,98.1,1.88,-3.1040805838410623
2015-02-28,235.342,5.5,0.11,18666.621,102.1366,11904.7,95.4,1.98,5.48925108906233
2015-03-31,235.976,5.4,0.11,18666.621,101.7869,11902.8,93.0,2.04,-1.7396107114219572
2015-04-30,236.222,5.4,0.12,18782.243,101.2255,11936.7,95.9,1.94,0.8520819822535275
2015-05-31,237.001,5.6,0.12,18782.243,100.7675,11964.2,90.7,2.2,1.0491382304589791
2015-06-30,237.657,5.3,0.13,18782.243,100.4588,12004.6,96.1,2.36,-2.1011671979729973
2015-07-31,238.034,5.2,0.13,18857.418,101.0893,12048.3,93.1,2.32,1.974202943518488
2015-08-31,238.033,5.1,0.14,18857.418,100.9165,12093.1,91.9,2.17,-6.258081825586559
2015-09-30,237.498,5.0,0.14,18857.418,100.633,12154.3,87.2,2.17,-2.644283128000146
2015-10-31,237.733,5.0,0.12,18892.206,100.1563,12205.6,90.0,2.07,8.298311781266655
2015-11-30,238.017,5.1,0.12,18892.206,99.4366,12296.9,91.3,2.26,0.0504869110334871
2015-12-31,237.761,5.0,0.24,18892.206,98.9471,12368.2,92.6,2.24,-1.753018503269255
2016-01-31,237.652,4.8,0.34,19001.69,99.4391,12505.5,92.0,2.09,-5.07353220469523
2016-02-29,237.336,4.9,0.38,19001.69,98.9232,12577.7,91.7,1.78,-0.4128360309003542
2016-03-31,238.08,5.0,0.36,19001.69,98.1635,12628.6,91.0,1.89,6.599111444005845
2016-04-30,238.992,5.1,0.37,19062.709,98.4775,12707.6,89.0,1.81,0.2699398283332543
2016-05-31,239.557,4.8,0.37,19062.709,98.2549,12774.6,94.7,1.81,1.5324602525288444
2016-06-30,240.222,4.9,0.38,19062.709,98.7315,12835.1,93.5,1.64,0.0910921240124373
2016-07-31,240.101,4.8,0.39,19197.938,98.8452,12889.3,90.0,1.5,3.5609800753315435
2016-08-31,240.545,4.9,0.4,19197.938,98.7427,12973.6,89.8,1.56,-0.1219242899019312
2016-09-30,241.176,5.0,0.4,19197.938,98.6552,13033.8,91.2,1.63,-0.1234451139317305
2016-10-31,241.741,4.9,0.4,19304.352,98.7237,13107.1,87.2,1.76,-1.942567890903446
2016-11-30,242.026,4.7,0.41,19304.352,98.3443,13180.6,93.8,2.14,3.4174521829295035
2016-12-31,242.637,4.7,0.54,19304.352,99.0406,13225.8,98.2,2.49,1.8200762441865856
2017-01-31,243.618,4.7,0.65,19398.343,98.8158,13300.3,98.5,2.43,1.7884358198382522
2017-02-28,244.006,4.6,0.66,19398.343,98.4356,13367.0,96.3,2.42,3.719816006681631
2017-03-31,243.892,4.4,0.79,19398.343,99.0492,13428.4,96.9,2.48,-0.0389197135269414
2017-04-30,244.193,4.4,0.9,19506.949,100.0416,13484.4,97.0,2.3,0.9091208748854608
2017-05-31,244.004,4.4,0.91,19506.949,100.128,13536.4,97.1,2.3,1.1576251246328662
2017-06-30,244.163,4.3,1.04,19506.949,100.337,13558.1,95.0,2.19,0.4813775207812565
2017-07-31,244.243,4.3,1.15,19660.766,100.0865,13615.1,93.4,2.32,1.934882600110188
2017-08-31,245.183,4.4,1.16,19660.766,99.6323,13674.3,96.8,2.21,0.0546433019853243
2017-09-30,246.435,4.3,1.15,19660.766,99.7482,13722.7,95.1,2.2,1.9302978562167672
2017-10-31,246.626,4.2,1.15,19882.352,100.9893,13782.0,100.7,2.36,2.218813506615125
2017-11-30,247.284,4.2,1.16,19882.352,101.2493,13814.6,98.5,2.35,2.8082627806563343
2017-12-31,247.805,4.1,1.3,19882.352,101.4871,13873.5,95.9,2.4,0.9831630594270502
2018-01-31,248.859,4.0,1.41,20044.077,101.4852,13882.9,95.7,2.58,5.617870412552817
2018-02-28,249.529,4.1,1.42,20044.077,101.7319,13919.0,99.7,2.86,-3.89473718793677
2018-03-31,249.577,4.0,1.51,20044.077,102.1943,13975.8,101.4,2.84,-2.688449860055664
2018-04-30,250.227,4.0,1.69,20150.476,103.3551,13993.7,98.8,2.87,0.2718774995368322
2018-05-31,250.792,3.8,1.7,20150.476,102.381,14049.4,98.0,2.98,2.16083418545836
2018-06-30,251.018,4.0,1.82,20150.476,103.2256,14109.7,98.2,2.91,0.484243626760783
2018-07-31,251.214,3.8,1.91,20276.154,103.3561,14143.9,97.9,2.89,3.602155617289915
2018-08-31,251.663,3.8,1.91,20276.154,104.0585,14193.6,96.2,2.89,3.0263211276748248
2018-09-30,252.182,3.7,1.95,20276.154,104.1038,14229.1,100.1,3.0,0.4294287426461762
2018-10-31,252.772,3.8,2.19,20304.874,103.9297,14241.1,98.6,3.15,-6.94033560936963
2018-11-30,252.594,3.8,2.2,20304.874,104.0126,14260.5,97.5,3.12,1.785935665477978
2018-12-31,252.767,3.9,2.27,20304.874,104.0451,14382.3,98.3,2.83,-9.177689467997252
2019-01-31,252.561,4.0,2.4,20431.641,103.3598,14445.7,91.2,2.71,7.868440166582613
2019-02-28,253.319,3.8,2.4,20431.641,102.8251,14480.8,93.8,2.68,2.9728889343927145
2019-03-31,254.277,3.8,2.41,20431.641,102.8361,14525.9,98.4,2.57,1.7924256249588488
2019-04-30,255.233,3.7,2.42,20602.275,102.2748,14554.2,97.2,2.53,3.9313498313737982
2019-05-31,255.296,3.6,2.39,20602.275,102.4176,14652.0,100.0,2.4,-6.57777313668354
2019-06-30,255.213,3.6,2.38,20602.275,102.5425,14771.0,98.2,2.07,6.89301639982407
2019-07-31,255.802,3.7,2.4,20843.322,102.0057,14853.1,98.4,2.06,1.3128152166957952
2019-08-31,256.036,3.6,2.13,20843.322,102.7814,14934.3,89.8,1.63,-1.809162724052393
2019-09-30,256.43,3.5,2.04,20843.322,102.4601,15031.0,93.2,1.7,1.7181177931020697
2019-10-31,257.155,3.6,1.83,20985.448,101.5878,15166.9,95.5,1.71,2.0431770513684056
2019-11-30,257.879,3.6,1.55,20985.448,102.1494,15276.4,96.8,1.81,3.4047037714499906
2019-12-31,258.63,3.6,1.55,20985.448,101.9421,15347.6,99.3,1.86,2.858981890573009
2020-01-31,259.127,3.6,1.55,20709.212,101.3372,15416.3,99.8,1.76,-0.1628092819048965
2020-02-29,259.25,3.5,1.58,20709.212,101.6718,15466.6,101.0,1.5,-8.411048363840312
2020-03-31,258.076,4.4,0.65,20709.212,97.606,15993.4,89.1,0.87,-12.51192824089282
2020-04-30,256.032,14.8,0.05,19077.992,84.6812,17005.4,71.8,0.66,12.68440381652789
2020-05-31,255.802,13.2,0.05,19077.992,86.0108,17852.9,72.3,0.67,4.528181966555822
2020-06-30,257.042,11.0,0.08,19077.992,91.6745,18140.6,78.1,0.73,1.838839651392421
2020-07-31,258.352,10.2,0.09,20558.879,95.0037,18297.7,72.5,0.62,5.510132148044367
2020-08-31,259.316,8.4,0.1,20558.879,95.9294,18364.1,74.1,0.65,7.006466690171775
2020-09-30,259.997,7.8,0.09,20558.879,95.8914,18596.4,80.4,0.68,-3.9227970178423055
2020-10-31,260.319,6.9,0.09,20791.917,96.5256,18751.1,81.8,0.79,-2.766578622137972
2020-11-30,260.911,6.7,0.09,20791.917,96.9529,18978.9,76.9,0.87,10.75456354438591
2020-12-31,262.045,6.7,0.09,20791.917,98.2039,19133.0,80.7,0.93,3.712145909357001
2021-01-31,262.639,6.4,0.09,21082.134,98.8135,19359.5,79.0,1.08,-1.1136660755445171
2021-02-28,263.573,6.2,0.08,21082.134,95.5072,19596.5,76.8,1.26,2.60914513774484
2021-03-31,264.847,6.1,0.07,21082.134,98.1929,19823.2,84.9,1.61,4.243863253316516
2021-04-30,266.625,6.1,0.07,21440.929,98.3317,20161.5,88.3,1.64,5.242532134755851
2021-05-31,268.404,5.8,0.06,21440.929,99.1867,20430.5,82.9,1.62,0.548648867060697
2021-06-30,270.71,5.9,0.08,21440.929,99.6483,20472.9,85.5,1.52,2.2214009565834747
2021-07-31,271.965,5.4,0.1,21617.828,100.0668,20628.1,81.2,1.32,2.274805482838871
2021-08-31,272.752,5.1,0.09,21617.828,100.0412,20811.0,70.3,1.28,2.899041625543864
2021-09-30,273.942,4.7,0.08,21617.828,98.9955,20979.1,72.8,1.37,-4.75691688019011
2021-10-31,276.528,4.5,0.08,21988.737,100.3542,21142.1,71.7,1.58,6.914383640060651
2021-11-30,278.824,4.2,0.08,21988.737,101.2684,21316.6,67.4,1.56,-0.8333706184746159
2021-12-31,280.806,3.9,0.08,21988.737,101.1948,21471.0,70.6,1.47,4.361291346206486
2022-01-31,282.542,4.0,0.08,21932.71,101.2146,21587.3,67.2,1.76,-5.258516502739385
2022-02-28,284.525,3.8,0.08,21932.71,101.8458,21684.9,62.8,1.93,-3.1360491945908286
2022-03-31,287.467,3.7,0.2,21932.71,102.6732,21721.3,59.4,2.13,3.577328837154625
2022-04-30,288.582,3.7,0.33,21967.045,102.9024,21749.9,65.2,2.75,-8.795671180434306
2022-05-31,291.299,3.6,0.77,21967.045,102.9659,21690.7,58.4,2.9,0.0053177704644635
2022-06-30,295.072,3.6,1.21,21967.045,102.8224,21642.8,50.0,3.14,-8.391999993382681
2022-07-31,294.94,3.5,1.68,22125.625,103.0505,21641.7,51.5,2.9,9.111639173021002
2022-08-31,295.162,3.6,2.33,22125.625,103.1703,21606.8,58.2,2.9,-4.244012827299837
2022-09-30,296.421,3.5,2.56,22125.625,103.5326,21521.0,58.6,3.52,-9.339567201327435
2022-10-31,297.979,3.6,3.08,22278.345,103.4442,21424.4,59.9,3.98,7.98634138370089
2022-11-30,298.708,3.6,3.78,22278.345,103.1058,21358.1,56.7,3.89,5.375289335249311
2022-12-31,298.808,3.5,4.1,22278.345,101.8266,21219.0,59.8,3.62,-5.897147407473047
2023-01-31,300.456,3.5,4.33,22439.607,102.7476,21205.2,64.9,3.53,6.17528578346791
2023-02-28,301.476,3.6,4.57,22439.607,102.8003,21184.5,66.9,3.75,-2.611249393181858
2023-03-31,301.643,3.5,4.65,22439.607,102.8143,20876.1,62.0,3.66,3.505161257710898
2023-04-30,302.858,3.4,4.83,22580.499,103.2241,20729.8,63.7,3.46,1.4642341662481018
2023-05-31,303.316,3.6,5.06,22580.499,102.9809,20801.1,59.0,3.57,0.2482347368192972
2023-06-30,304.099,3.6,5.08,22580.499,102.3809,20782.7,64.2,3.75,6.472746490423464
2023-07-31,304.615,3.5,5.12,22840.989,103.0722,20772.1,71.5,3.9,3.113893235501086
2023-08-31,306.138,3.7,5.33,22840.989,103.0951,20746.9,69.4,4.17,-1.7716390070854016
2023-09-30,307.374,3.8,5.33,22840.989,103.3081,20720.4,67.8,4.38,-4.871936746562488
2023-10-31,307.653,3.9,5.33,23033.78,102.5781,20687.3,63.8,4.8,-2.197968873798295
2023-11-30,308.087,3.7,5.33,23033.78,102.8868,20696.7,61.3,4.5,8.917926878197013
2023-12-31,308.735,3.8,5.33,23033.78,102.6309,20701.3,69.7,4.02,4.422923115636013
2024-01-31,309.794,3.7,5.33,23082.119,101.483,20773.1,79.0,4.06,1.5895707598991615
2024-02-29,311.022,3.9,5.33,23082.119,102.7267,20861.0,76.9,4.21,5.172064062372317
2024-03-31,312.107,3.9,5.33,23082.119,102.5186,20900.8,79.4,4.21,3.1018779915342964
2024-04-30,313.016,3.9,5.33,23286.508,102.3568,20928.9,77.2,4.54,-4.161507173789869
2024-05-31,313.14,4.0,5.33,23286.508,102.9797,20989.4,69.1,4.48,4.80211901511991
2024-06-30,313.131,4.1,5.33,23286.508,103.2534,21052.9,68.2,4.31,3.466980128308328
2024-07-31,313.566,4.2,5.33,23478.57,102.5192,21084.2,66.4,4.25,1.1321316887868749
2024-08-31,314.131,4.2,5.33,23478.57,103.0196,21171.1,67.9,3.87,2.2834706936630367
2024-09-30,314.851,4.1,5.13,23478.57,102.5954,21257.5,70.1,3.72,2.0196884090601275
2024-10-31,315.564,4.1,4.83,23586.542,102.2138,21308.1,70.5,4.1,-0.9896743303151712
2024-11-30,316.449,4.2,4.64,23586.542,101.9503,21407.9,71.8,4.36,5.730129548209884
2024-12-31,317.603,4.1,4.48,23586.542,103.0447,21424.5,74.0,4.39,-2.499013704848363
2025-01-31,319.086,4.0,4.33,23548.21,102.8805,21492.4,71.7,4.63,2.70163042404441
2025-02-28,319.775,4.1,4.33,23548.21,103.8705,21564.6,64.7,4.45,-1.4242092699825126
2025-03-31,319.615,4.2,4.33,23548.21,103.5408,21636.8,57.0,4.28,-5.754469768137538
2025-04-30,320.321,4.2,4.33,23770.976,103.6224,21770.5,52.2,4.28,-0.7624943346289825
2025-05-31,320.58,4.2,4.33,23770.976,103.657,21827.4,52.2,4.42,6.152382614078289
2025-06-30,321.5,4.1,4.33,23770.976,104.2115,21942.4,60.7,4.38,4.960683946771582
2025-07-31,322.132,4.2,4.33,23770.976,103.8194,22028.8,61.7,4.39,2.16665625306407
2025-08-31,323.364,4.3,4.33,23770.976,103.9203,22108.4,58.2,4.26,1.906644429503612
2025-09-30,324.368,4.3,4.22,23770.976,103.9203,22212.5,55.1,4.12,3.5323687218701494
